fullName,job,city
Ilse Maykin,Nurse,Selaparang Timur
Boniface O'Kennedy,Automation Specialist II,Myski
Willie Locarno,Programmer Analyst III,Şaqānis
Maggi Restieaux,Systems Administrator III,Kayangel
Velma Ogus,Senior Cost Accountant,El Cantón
Kara-lynn Dioniso,VP Product Management,Mehrān
Amabel Crisell,Assistant Professor,Zbrosławice
Ram Storrier,Professor,Belmullet
Kennith Boyde,Programmer I,Washington
Ernesta Grimstead,Database Administrator I,Kulun
Blisse Harce,Compensation Analyst,Shīeli
Rhianna Muehle,Mechanical Systems Engineer,Mulhouse
Kiele Elnor,Associate Professor,Yantian
Susanna Jeskin,Research Nurse,Belajen
Kerrin MacCallion,Database Administrator II,Temuji
Danika Beadell,Social Worker,Mazamet
Gabriela Garham,Marketing Manager,Saverne
Pyotr Oiseau,Software Test Engineer II,Wola Filipowska
Fayina Fruish,Tax Accountant,Santa Cruz das Flores
Etan MacCaffrey,Safety Technician II,Sędziejowice
Francoise Toller,Assistant Professor,Henghe
Janaye Pittham,Help Desk Operator,Watuagung
Beverley Manville,Physical Therapy Assistant,Nagrumbuan
Halette Bilborough,Computer Systems Analyst I,Ishiki
Agnola Godspeede,Marketing Manager,Thị Trấn Bắc Yên
Linda Wallege,Editor,Jäppilä
Kelvin Sedger,Administrative Assistant I,Liverpool
Rayner Adamovitz,Senior Financial Analyst,Suwaru
Lavinie Maypes,Chief Design Engineer,Чегране
Jeannine Llewellen,Executive Secretary,Aleksinac
Dennis Benard,Editor,Huipinggeng
Grazia Harvie,Senior Editor,Tuquan
Tonie Reaman,Graphic Designer,Cekcyn
Raviv Heaps,Associate Professor,Ciseuseupan
Mariejeanne Donovan,Pharmacist,Peruc
Colet Kleiner,Executive Secretary,Chachoengsao
Linda Heed,Recruiting Manager,Tehrān
Thatch Swayland,Administrative Assistant I,Miyang
Cecilia Breese,Assistant Professor,Taikang
Grete Pentelow,Developer IV,Skalat
Tammie Petroselli,VP Product Management,Rautjärvi
Fredrick Dainter,Information Systems Manager,Yingcheng
Eziechiele Abba,Occupational Therapist,Bahía Blanca
Louisette Haller,Physical Therapy Assistant,Farnham
Manya Farre,Cost Accountant,Āshkhāneh
Harli Valentine,Financial Analyst,城郊
Breanne Gianneschi,Nuclear Power Engineer,Nanwai
Angeline Flockhart,Research Nurse,Itapemirim
Staci Boase,Information Systems Manager,Jiahe
Rock Petche,Media Manager III,Yangkou
Meyer Meininking,Information Systems Manager,Quemú Quemú
Mufinella Durie,Research Assistant II,Berdyans’k
Joanne Hinrichsen,Geologist III,Pucacaca
Reinhold Dansey,Assistant Media Planner,Wujing
Amabel Haselhurst,Safety Technician II,Rautalampi
Hillel Willoway,VP Quality Control,Molodizhne
Timmie Danielsson,Paralegal,Tokombere
Alisander Dowsett,Programmer Analyst IV,Botou
Roger Lewsy,Structural Analysis Engineer,San Antonio
Felita Quiney,Actuary,Hake
Alane Hellyer,Financial Analyst,Gorna Oryakhovitsa
Portia Beadon,Health Coach IV,Pessac
Kurt Ferrotti,Recruiting Manager,Myingyan
Charis Peaden,Editor,Pniewy
Cy Arnet,VP Product Management,Cuispes
Dulci Rubinov,Nuclear Power Engineer,Liugong
Aubree Skatcher,Desktop Support Technician,Futuroscope
Meryl Zukerman,Senior Sales Associate,Jiangqiao
Sullivan Ollerhad,Assistant Manager,Hörby
Kaylil Sonner,Legal Assistant,Bloomington
Horacio Driffill,Teacher,Cañasgordas
Annmarie Weddup,Media Manager II,Malakand
Taddeusz Menzies,GIS Technical Architect,Garoua Boulaï
Batholomew Loveard,VP Quality Control,Franceville
Timotheus Silvers,Chief Design Engineer,Kintinku
Raddie Walne,Programmer I,Peremyshl’
Scarface Liddel,Environmental Specialist,Panunggangan
Raeann Mowday,Structural Analysis Engineer,Huasahuasi
Inglebert Drain,Community Outreach Specialist,Huangshi
Anallise Mealiffe,Computer Systems Analyst IV,Xichuan
Drusi Fryatt,Structural Analysis Engineer,Xiongji
Maribelle Ricardet,Administrative Assistant III,Dire Dawa
Eberhard Lints,Compensation Analyst,Muzidian
Janka Crandon,Business Systems Development Analyst,Chama
Lazarus Rew,Assistant Professor,Västra Frölunda
Lovell Arend,Business Systems Development Analyst,Barrouallie
Stefano Kabsch,Product Engineer,Qingshu
Una Zieme,Accounting Assistant I,Montemor-o-Velho
Dina Lackey,Librarian,Dolní Čermná
Mikol De Biaggi,VP Sales,Huangjindong
Jedd Enos,Mechanical Systems Engineer,Bristol
Carena Allston,Junior Executive,Tân Hòa
Maitilde Heinreich,Assistant Media Planner,Sipeng
Farrand Covell,Librarian,Daxindian
Dev Faunch,Administrative Assistant III,Lipce Reymontowskie
Rance Gullen,Business Systems Development Analyst,Zall-Dardhë
Louis Nowlan,Business Systems Development Analyst,Hepang
Archaimbaud M'Chirrie,Internal Auditor,Leiden
Tiphany Clavering,Safety Technician III,Buôn Ma Thuột
Fawne Sargeant,Compensation Analyst,Sabaneta
Harlen Doughill,Teacher,Jiangkou
Sebastian Truluck,Human Resources Assistant III,Phitsanulok
Trumaine Connal,Geologist I,Palma Soriano
Lance Lipson,Sales Representative,La Coipa
Townsend Chillcot,Social Worker,Kurlovo
Mannie Dosdale,Programmer Analyst IV,Kumagaya
Isadore Rennick,Senior Developer,Uhniv
Alex Niblo,Social Worker,Egbe
Ezekiel Cottom,Design Engineer,Kediren
Miguelita Grzegorzewski,Quality Control Specialist,Urayasu
Nestor Hawgood,Director of Sales,Voždovac
Conney Lancashire,Media Manager I,Parenggan
Arabel Hastwall,Operator,Puerto Parra
Nonnah Gonzales,Account Representative I,Reggio Calabria
Cecilius Olanda,Sales Representative,Najrān
Sylvia Berkery,VP Product Management,Dolní Libina
Glad Meikle,Professor,Tver
Pollyanna Colthard,Web Designer II,Santa Cruz Balanyá
Tildi Tremblay,Design Engineer,Langnga
Evelin Lubeck,Compensation Analyst,Efeng
Grata Handmore,Database Administrator II,Châteauroux
Ailey Brendeke,Recruiting Manager,Trindade
Merci Kaspar,VP Quality Control,Bombarral
Keelby Pray,Nurse,Nikolayevsk
Shirlene Hiddersley,Actuary,Korsze
Giraldo Blaes,Actuary,Hengqiao
Ruprecht Peres,Software Engineer III,Puubheto
Kaiser Milthorpe,Research Associate,Arys
Lock de Mullett,Project Manager,Murom
Noah Ranscomb,Sales Representative,Monte de Fralães
Kerwin Anstie,Recruiter,Vitarte
Alanah Muffin,Help Desk Technician,Taiping
Harwilll Morcomb,Nurse Practicioner,Weepangali
Willetta Shale,Nuclear Power Engineer,Miryang
Ferrell Peare,Registered Nurse,Libiąż
Andreana Nicol,Dental Hygienist,Ocote Paulino
Alexandra Romain,Human Resources Assistant I,Fort Macleod
Antin Norgate,Administrative Officer,As Salţ
Neda MacPeake,Web Designer II,Shilovo
Abe Bamb,Technical Writer,Sernovodsk
Hermine Cadding,Project Manager,Hengshanqiao
Terza Cleef,VP Accounting,Oropós
Scarface Thewys,Editor,Nanling
Mark Edland,Nurse Practicioner,Nyzhnya Krynka
Robina Pennings,Project Manager,Uijeongbu-si
Maximilien Fansy,Senior Sales Associate,Oujda
Constantino Sikorski,Structural Analysis Engineer,Buqei‘a
Viola Gerok,Tax Accountant,Cabusao
Yorgo Lutzmann,Account Executive,Langtou
Isak Birkin,Financial Analyst,Alue Glumpang
Marcy Georgeou,VP Quality Control,Georgiyevsk
Octavia Lassen,Safety Technician I,Laval
Marthe Warburton,Account Coordinator,Celestynów
Emilia Custy,Geologist IV,Núi Đối
Basile Regis,Environmental Specialist,Haapsalu
Amandie Carbett,Physical Therapy Assistant,San Miguel
Merrili Ginley,Software Test Engineer IV,Daluo
Sarene Boni,Programmer I,Khon San
Cahra Tukesby,Help Desk Technician,Hubei
Nathanael Puddin,Software Engineer II,Semanding
Merridie Pinchen,Human Resources Assistant IV,Zhushan
Pauly Jackman,Analyst Programmer,Paris La Défense
Normand Scarce,Mechanical Systems Engineer,Qarchī Gak
Arvie Napton,Marketing Manager,Hongqi
Matthew Dukelow,Civil Engineer,Desamparados
Jill Rubrow,Health Coach II,Bayonne
Harbert Rawes,Paralegal,Camajuaní
Farleigh Hinzer,Clinical Specialist,Kasempa
Osgood Darker,Executive Secretary,Pineleng
Maribelle Caldecott,Mechanical Systems Engineer,Windusakti Hilir
Amii Vankov,Social Worker,Amor
Denis Pleager,Automation Specialist I,Tlatah
Philly Louche,Professor,Jalaud
Crawford Iacomelli,Automation Specialist I,Mangochi
Alanson Plum,Mechanical Systems Engineer,Wolongquan
Judd Penley,Quality Engineer,Vista Alegre
Emmalynne McGill,Clinical Specialist,Baraçais
Leontine Lettsom,Software Engineer III,Yakovlevo
Elene Markl,Information Systems Manager,Susiec
Avigdor Layson,Account Representative II,Cambé
Luce Lytton,Community Outreach Specialist,Krajan Dua Dawuan Wetan
Eada Livzey,Physical Therapy Assistant,Bondoufle
Hillary Ungerecht,VP Accounting,Tyresö
Rollo Baswall,Marketing Manager,Uppsala
Stephen Southard,Analog Circuit Design manager,Bone South
Ofelia Bugge,Marketing Assistant,Feng’an
Moishe Augustine,Civil Engineer,Uzhhorod
Cleavland Maingot,Senior Sales Associate,Kastélli
Krystle Meco,Staff Accountant III,Aracaju
Glenda Rumble,Financial Advisor,Lashio
Jeanette Ritmeyer,Assistant Professor,Gines-Patay
Alastair McKeevers,Account Representative I,Dangjiaxian
Lydia Dotterill,Chief Design Engineer,Ciburial
Ansel Asbery,Librarian,Zarechnyy
Peggie Grouen,Structural Engineer,Huangshan
Gilbertina Bettison,Senior Developer,Ratilangi
Dean Lorait,Technical Writer,Zhongshan Donglu
Maurie Bernardet,Sales Associate,Beaung Tengah
Saudra Cotelard,Structural Engineer,Gornji Petrovci
Idalia Treen,Database Administrator III,Filiatrá
Rosa Novill,Software Test Engineer I,Zhangfang
Loren Ducroe,Editor,Citambal
Sheffy Folkerts,Recruiting Manager,"Palmas De Gran Canaria, Las"
Alfons Vasilechko,Software Test Engineer III,Jojoima
Laurella Skilton,Community Outreach Specialist,Slavs’ke
Kath Rubenov,Teacher,Kochani
Dulci Garlett,Developer II,Xinzhou
Damiano Sherrett,Senior Editor,Gavarr
Henka Pinching,Assistant Media Planner,Kalmar
Frankie Ruxton,Programmer Analyst IV,Lalukoen Dua
Gale Isselee,Statistician III,Konice
Godfree Wittleton,Marketing Manager,Muladbucad
Aubrie Coxhell,Safety Technician II,Maying
Con Wallsworth,Geological Engineer,Paris 12
Trey Kightly,VP Accounting,Chonogol
Vin Howes,Internal Auditor,Ranambeling
Chlo Rispin,Human Resources Assistant I,Xiahong
Carolin Gunton,Data Coordiator,Mohale’s Hoek
Zollie Chidgey,Media Manager IV,Rafael Perazza
Norina Betho,Mechanical Systems Engineer,Itacarambi
Zachary Cranefield,Cost Accountant,Bayuin
Zabrina Sackler,Human Resources Manager,Cangkringan
Buiron Yancey,Director of Sales,Ban Na
Greggory Stallard,Web Developer III,Darma
Vincents Lacase,Occupational Therapist,Klemunan
Corri Cronshaw,Biostatistician IV,San Francisco
Stephanie Trayes,Assistant Professor,Smārde
Monique Soppit,Tax Accountant,Spas-Zaulok
Carolin Coventry,Cost Accountant,Blois
Tomaso Simony,Recruiting Manager,Obala
Murial Arrell,Environmental Tech,Comagascas
Kain Cassey,Automation Specialist III,Lampa
Frederica Lipscombe,Community Outreach Specialist,Gasa
Kassandra Daton,Senior Financial Analyst,Loangmaka
Hakeem Lisamore,Account Representative I,Larvik
Buck Stert,Administrative Officer,Macon
Jeannine Coles,Chief Design Engineer,Wólka Pełkińska
Mildrid Lille,Senior Cost Accountant,Kazlų Rūda
Franni Goford,Marketing Manager,Dagar
Chevalier Estable,Executive Secretary,Trenton
Cos Verrill,Operator,Galatás
Essie Auton,Graphic Designer,Murmino
Mikel Lorait,Pharmacist,San Jose
Rhiamon Jurczik,Software Test Engineer I,Častolovice
Frederique Skelbeck,Marketing Assistant,Changping
Quinn Wass,Actuary,Diepsloot
Keely Bougourd,GIS Technical Architect,Nikkō
Harley Bleiman,Teacher,Zhangyelu
Seline Schrei,Occupational Therapist,Thị Trấn Yên Châu
Fernandina Twining,Cost Accountant,Ribas
Abdul Willshee,Web Designer IV,Thị Trấn Bình Mỹ
Marlo Weddup,Systems Administrator IV,Limbi
Silvie Oldnall,Analyst Programmer,Guji
Nara Muat,Teacher,Lefkímmi
Jaimie Cowdroy,Financial Analyst,Sumurgayam
Henryetta Schrieves,Environmental Specialist,Neos Voutzás
Kirstin Gadsby,Nurse Practicioner,Tonglin
Essa Gulliman,Administrative Assistant I,Danauparis
Fernande Blasli,Operator,Dārchulā
Billi Slorance,Account Representative II,Pôsto Fiscal Rolim de Moura
Joly Preddy,Data Coordiator,Pengfang
Agnes Steddall,Account Representative II,Huanan
Andie Willets,Assistant Professor,Cabiguan
Rebekah Fieldgate,Geologist IV,Shangjing
Sacha Korneichik,Research Associate,Nanterre
Carrissa Heyns,Health Coach II,Alvito de São Pedro
Rianon Oliva,Engineer III,Lý Sơn
Gard Bursnell,Accounting Assistant III,Santa Maria
Addy Nerheny,Account Coordinator,Bardaï
Rianon Pendrey,Office Assistant IV,Shpola
Jena Hinrichs,Quality Engineer,Polos
Jojo McCuaig,Engineer II,Pudoc
Marcus Samsworth,Web Developer III,Kuleqi
Lucas Mogford,Junior Executive,Nahuo
Josepha Magog,Graphic Designer,Bang Racham
Thaxter Soonhouse,Information Systems Manager,Buesaco
Aretha Laye,VP Quality Control,Hatton
Karena Ladlow,Web Developer III,Campok
Ulrich Le Gassick,Professor,Bandong
Mirabella Woolway,Budget/Accounting Analyst IV,Insrom
Vaclav Gilstoun,Senior Sales Associate,Tobias Barreto
Trish Alvarado,Assistant Manager,Santa Lucía
Sherwin Klaes,VP Quality Control,Al Ḩāḑir
Emiline Carlesi,Tax Accountant,Kiihtelysvaara
Timmie Everest,Food Chemist,La Concordia
Koralle Hunsworth,Senior Financial Analyst,Šenkovec
Jonis McDonand,Geological Engineer,Fort Myers
Jaclyn Beernaert,Account Coordinator,Apače
Greg Lelliott,Senior Editor,Hiroshima-shi
Berni Eldridge,GIS Technical Architect,Cikarang
Devan Oolahan,Research Associate,Cortinhas
Michail Howcroft,Structural Analysis Engineer,Oebatu
Clayton Nicklinson,Analog Circuit Design manager,Tierp
Ailyn Rubinowitz,VP Product Management,Matungao
Shepherd Newlyn,Budget/Accounting Analyst I,Wilwerwiltz
Ardisj Kunisch,Marketing Assistant,Al Mazra‘ah ash Sharqīyah
Nonie Swallow,Registered Nurse,Guarujá
Dene Bastiman,Senior Financial Analyst,San Rafael
Astra Betty,Teacher,Malvas
David Kinlock,Web Developer IV,Niort
Patin Anglish,Web Developer I,Dazhipo
Kyle Tuppeny,Occupational Therapist,Mount Ayliff
Matthaeus Heaselgrave,Developer III,Guta
Greg Bethel,Recruiter,Golub-Dobrzyń
Benson Davidou,Engineer III,Dongshentou
Horten Stern,Geologist IV,Charikar
Bel Stenet,Internal Auditor,Semenivka
Salaidh Philot,Nurse,Bojnik
Leese Goodright,Analog Circuit Design manager,Lagasit
Malena Droghan,Statistician II,Lazaro Cardenas
Odele Bilston,Human Resources Manager,Tongguan
Earlie Prazor,Social Worker,Gnosjö
Corette Rudinger,Director of Sales,Georgiyevsk
Aaren Oslar,Design Engineer,El Zapote
Phedra Frarey,Engineer IV,Vilhelmina
Rheta Hurworth,Quality Control Specialist,Miguel Pereira
Blake Capron,Web Designer II,Qarah Ẕīā’ od Dīn
Bartholomew Baynon,Research Associate,Janagdong
Lockwood Constable,Environmental Tech,Baiju
Jeanna Bushel,Recruiter,Jianxin
Jodi Whitley,Staff Accountant IV,Leskovac
Ebba Newman,Technical Writer,Péruwelz
Cullin Blything,Developer IV,Paranho
Sioux Allsopp,Assistant Manager,Garahaji
Dareen Pallent,Recruiter,Mataya
Jory Beddingham,Sales Representative,Cishan
Melania Pieter,Chief Design Engineer,Fernández
Jeremie Reede,Data Coordiator,Mugala
Ginger Gregs,Registered Nurse,Xincheng
Lyle Hatter,Graphic Designer,Kaligutan
Franny Winram,Account Coordinator,Souto da Casa
Jayson Suckling,Quality Engineer,Jingyang
Laurella Sawrey,Help Desk Operator,Jembe Timur
Pat Bartlomiej,Developer IV,Jerez
Winnah Elderton,Professor,Nuyno
Cinda Matyushkin,Marketing Assistant,Makoko
Abraham Compford,Electrical Engineer,Itaquaquecetuba
Babita Peggs,Teacher,Santa Ana
Amalee McCluskey,Food Chemist,Cliza
Royce Cobbold,Research Assistant III,Fuxi
Duff Andrey,Marketing Manager,Wielki Kack
Margaretta Denslow,Account Coordinator,Pajé
Yovonnda Biss,Occupational Therapist,Varberg
Harmon Pollak,Chemical Engineer,Panalanoy
Arnold Tallent,Programmer II,Oslo
Cedric Fairhurst,Administrative Assistant II,Queimados
Marji Edlestone,Technical Writer,Progreso
Aimee Trubshawe,Occupational Therapist,Malasugui
Dylan Chalke,Operator,Comandante Luis Piedra Buena
Shelby Pietz,Web Designer III,Putat Lor
Merrill Kilbourne,Tax Accountant,Klavdiyevo-Tarasove
Byrle Arnaudin,Financial Advisor,Futian
Carolyn Lenden,Tax Accountant,Senduro
Greer Manlow,Recruiter,Paitan Este
Leigh Gooms,Senior Developer,Lahishyn
Cchaddie Messier,Compensation Analyst,Duntou
Odessa Luchelli,Biostatistician IV,Tufang
Crissie Fairlem,Payment Adjustment Coordinator,Chenqing
Quinlan Frantzeni,Information Systems Manager,Mazamet
Dosi Mannock,Desktop Support Technician,San Francisco
Noby Maryska,Media Manager I,Palmas
Joell Fontaine,Staff Accountant I,Encruzilhada do Sul
Tandi Haycox,Research Associate,Kuishan
Thibaud Grossman,GIS Technical Architect,Xiuyu
Nadeen Sprake,Registered Nurse,Cuiabá
Bent Hefner,Financial Advisor,Antsohihy
Chris Cabera,Software Engineer IV,Vân Tùng
Bianca Sorton,VP Sales,Boden
Erminia Willishire,Media Manager IV,Contramaestre
Chandal Cater,Pharmacist,Tekikbanyuurip
Zoe Maciaszczyk,Web Developer I,Dahuaishu
Christian Pesic,Nuclear Power Engineer,Qixing
Elisha Fishly,Chief Design Engineer,Shuangxi
Dulcy Lummis,Civil Engineer,Vila Ribeiro
Tobie Mara,Actuary,Baloc
Hannie Petre,VP Accounting,Taipingxi
Kirbee Goldston,Quality Control Specialist,Machachi
Maure Rosa,Developer III,Fovissste
Odelia Fishpoole,Assistant Professor,Bangkok
Barn Roskelly,Technical Writer,Banocboc
Janean Bellenie,Registered Nurse,Poitiers
Denver Edmand,Staff Scientist,Bangko
Keane Terrelly,VP Accounting,Bacelo
Therine Compson,Structural Analysis Engineer,Kastsyukowka
Kelley Itzkovich,Sales Representative,Bendo
Peta Guppy,Compensation Analyst,Dębów
Rhea Brumble,Administrative Assistant II,Hongch’ŏn
Gabbey Coode,Staff Scientist,Huangdi
Emelina Farlane,Environmental Specialist,Jiyang
Gayleen Akers,Computer Systems Analyst I,Wachira Barami
Adolphus Biagini,Director of Sales,Cikiruh
Daveta Cosser,Design Engineer,Longshan
Jedidiah Matley,Help Desk Operator,Larangan
Johnette Mabey,Sales Associate,Serrinha
Bell Wanstall,Desktop Support Technician,Al Fujayrah
Adore Drover,Analog Circuit Design manager,Carora
Marget Highnam,Assistant Media Planner,Gwanda
Pennie Jellyman,Engineer I,Samajie Ewenkeminzu
Yorke Jeannard,VP Marketing,Envigado
Kaitlin Gooddie,Quality Control Specialist,Kilafors
Shell Stuck,Product Engineer,Svenljunga
Hillyer Statter,Senior Quality Engineer,Taketoyo
Chan Gorvin,Physical Therapy Assistant,Norak
Lizabeth O' Lone,Senior Quality Engineer,Ljutomer
Finley Petrov,Budget/Accounting Analyst III,Luoxi
Orson Dyne,Community Outreach Specialist,Campo de la Cruz
Shaylyn Tomini,Executive Secretary,Kvasice
Derron Vertey,Senior Editor,Klumbu
Lula Trusslove,Occupational Therapist,Nevinnomyssk
Georas Wikey,Junior Executive,Cabedelo
Phaidra Herkess,Health Coach II,Funchal
Goran Corbin,Recruiter,Virojoki
Randal Jakoubek,Developer IV,Kolmården
Arlene Vargas,Senior Editor,Rouen
Carce Beazleigh,Civil Engineer,Paatan
Alice Larmet,Account Coordinator,Coasa
Theo Borge,Professor,Praia das Maçãs
Vale Jurn,Financial Analyst,Jajaway
Gusty McGoogan,Systems Administrator IV,Tangwei
Huntley Campelli,Librarian,Panggungwinong
Koo Cluely,Biostatistician IV,Luotang
Florence Brobak,Assistant Manager,Bastia
Ashley Marple,Executive Secretary,Baghdad
Meade Spini,Media Manager III,Mloko
Theobald Monsey,Actuary,Takeo
Lois Whieldon,Civil Engineer,Ylämaa
Rhoda Beadnall,Business Systems Development Analyst,Jinniu
Marion Legen,Staff Accountant II,Kahuripan
Buiron Northing,Operator,Hyattsville
Manuel Le Gassick,Recruiter,Paris 16
Drugi Held,Budget/Accounting Analyst II,Datangzhuang
Junie Jurries,Actuary,Jiangkou
Emelina Suller,Tax Accountant,Yanmen
Cleon Fry,VP Product Management,Temirtau
Nicky Liptrod,Clinical Specialist,Awilega
Kalli Boynton,Sales Associate,Asamankese
Trula Buss,Geologist II,Jorok Dalam
Robinia Harback,Analyst Programmer,Bria
Jesselyn Dohr,Environmental Tech,Si’erbao
Maye Ballin,Business Systems Development Analyst,Santa Teresa First
Lilly Filyaev,Administrative Officer,Paombong
Phillipp Griston,Clinical Specialist,Al Ḩumaydāt
Johnathan Esley,Office Assistant IV,Perstorp
Christopher Pettecrew,Budget/Accounting Analyst I,Sunjia
Morse Petracco,Computer Systems Analyst I,Banjar Susut Kaja
Karla Cowderay,Actuary,Dianqian
Adaline Dowglass,Software Consultant,Songjiang
Beverie Rosier,Software Engineer IV,Diaoluoshan
Aurora MacKain,Developer I,San Jose
Nye Deakes,Internal Auditor,Portela
Jori Rable,VP Quality Control,Taiyuan
Storm Di Baudi,Nurse Practicioner,Molagavita
Lazar Otteridge,Technical Writer,Jiabei
Barbe Jantot,Civil Engineer,San Clemente
Margit Spreadbury,Marketing Manager,Chengyang
Ambur Goold,Database Administrator III,Miami
Reynolds Regardsoe,Accountant I,Ústí nad Labem
Paula Sander,Programmer Analyst III,Rangpur
Abigael Neachell,Compensation Analyst,Tinambac
Rollo Beaushaw,Safety Technician II,Iwkowa
Rufe Mayberry,Help Desk Operator,Horgo
Kelcey Douglas,Business Systems Development Analyst,Wangxian
Jean Leads,Design Engineer,Busuanga
Ephrem Barthrup,Chief Design Engineer,Kedung
Gabriellia Braime,Research Nurse,Örnsköldsvik
Denice Labbett,Assistant Manager,Chengcun
Lita Merrick,Software Engineer I,Wangji
Christalle Glendza,Payment Adjustment Coordinator,Taldykorgan
Edgard Eagling,Food Chemist,Capim Grosso
Golda Hackney,Physical Therapy Assistant,Zilupe
Garald Fero,Recruiter,Desamparados
Rich Mathews,Financial Analyst,Khulna
Gawain Reeveley,Teacher,Černelavci
Seumas Hulburd,Research Assistant I,Ejido
Maxie Morrell,Assistant Professor,Ichupampa
Marwin Ellacombe,Quality Control Specialist,Clanwilliam
Farra Spinks,Project Manager,Nancheng
Ebonee Eliasen,Technical Writer,Petani
Fulvia Thunnercliff,Media Manager III,Aldeia do Bispo
Hollie Michal,Business Systems Development Analyst,Caijiang
Liane Cantos,Nurse Practicioner,Malicboy
August Quinney,Health Coach I,Maluko
Sullivan Westnage,Project Manager,Manassas
Patrice Canniffe,Engineer I,Siliana
Buffy Floyed,Biostatistician IV,Luo’ao
Jeremy Jakes,Speech Pathologist,Tokuyama
Pippo Dooly,Analyst Programmer,Banjar Tibubiyu Kaja
Rafaelia Gwilt,Data Coordiator,Monastyryshche
Killy Pullan,VP Sales,Ruukki
Halette Abramamov,Senior Financial Analyst,Upper Hell's Gate
Rodi Tough,Chemical Engineer,Dubiecko
Rodie Garratt,Sales Representative,Baishan
Jonathon Shovelin,GIS Technical Architect,Marapanim
Christa Sherwin,Project Manager,Angono
Demetri Cerie,Business Systems Development Analyst,Proboštov
Anatola Hilldrop,Legal Assistant,Caxarias
Taddeusz Olifaunt,Structural Engineer,Lycksele
Jewell Jullian,GIS Technical Architect,Rio Largo
Myrta Gogie,Junior Executive,Kobyzhcha
Tallulah Paaso,Structural Engineer,Novalja
Carney Dysart,Pharmacist,Urozhaynoye
Lesli Tunder,General Manager,Malārd
Lauritz Ortelt,Editor,Luwingu
Buffy Tunn,Financial Advisor,Rimpeso
Clementius Haysham,Automation Specialist II,Kamieniec Ząbkowicki
Kore Yerson,Nurse Practicioner,Lanas
Ellswerth Rosier,Pharmacist,Modimolle
Devonna Camerana,Analyst Programmer,Sundre
Janifer Ottery,Developer IV,Khóra
Hugo Belson,Help Desk Technician,Gorelovo
Moore Blewitt,Financial Advisor,Daraitan
Olva Vannuccini,Recruiter,Leshukonskoye
Willdon Asel,Internal Auditor,Bubanza
Jerrie Clamo,Senior Developer,Farroupilha
Susan de Chastelain,Director of Sales,Liangli
Sarette Menendez,Programmer III,Wanmingang
Juliette Brindle,Quality Control Specialist,Rio
Leontine Connachan,Senior Quality Engineer,Zouila
Umeko Turbefield,Help Desk Technician,Datong
Neville Savery,Research Assistant I,Shakhta
Barnebas Handscomb,Systems Administrator I,Sarband
Damien Haker,Civil Engineer,Chak Two Hundred Forty-Nine TDA
Leland Kennon,Software Consultant,Diên Khánh
Annice Jilliss,Civil Engineer,Krylovskaya
Barbara-anne Hoggan,Financial Advisor,Sanjian
Elsi Kabos,Account Executive,Ratenggoji
Ertha Blaney,Computer Systems Analyst I,Meikeng
Malissa Jahns,Nuclear Power Engineer,Catriló
Valina Moth,Professor,Nova Pazova
Neely Fishbourn,Physical Therapy Assistant,Júlio de Castilhos
Halley Adamov,Director of Sales,Avignon
Lenard Challiss,Software Test Engineer IV,Aranas Sur
Haywood Ajam,Senior Financial Analyst,Berlin
Rafaela Jopling,Software Test Engineer IV,Huangjing
Jackqueline Hearnes,Systems Administrator I,Keti Bandar
Katusha Thring,Senior Quality Engineer,Hrvatska Kostajnica
Mitchael Souley,Civil Engineer,Erdenet
Fidela Huttley,Sales Associate,Jinping
Herman Basham,Project Manager,Vlissingen
Alisun Rorke,Staff Scientist,Siasi
Fairfax Laxton,Sales Associate,Esteio
Stanfield Shitliffe,General Manager,Kathmandu
Natalee Fourcade,Product Engineer,Chapecó
Illa Emmens,Paralegal,Kostryzhivka
Idette Partner,Account Coordinator,Ampelókipoi
Aubrey Beddoe,GIS Technical Architect,Horodok
Winfield Petruszka,Desktop Support Technician,Yicheng
Analiese Beckwith,Account Representative IV,Qingshu
Carney Firbank,Programmer Analyst III,Gaplokan
Josephine Frisel,Information Systems Manager,Zhenzhushan
Vivie Applebee,Structural Analysis Engineer,Los Angeles
Alysia Cominello,Quality Control Specialist,Slavonice
Bobbi Foulcher,Senior Editor,Huwei
Cybil Dolling,Accountant III,Parung
Liesa Bentke,Analog Circuit Design manager,Dallas
Sheelah Glanester,Operator,Wamba
Hanny Dumbare,Analog Circuit Design manager,Tall Tamr
Sheffy Tremmel,Sales Representative,Fenais da Luz
Vanya Bratley,Associate Professor,Kỳ Anh
Sileas MacGahey,Media Manager I,Opechenskiy Posad
Giorgia True,Chemical Engineer,Jõgeva
Maryl Richardin,Sales Associate,Páno Polemídia
Karie Rivelin,Senior Quality Engineer,El Puerto
Aarika Brevetor,Electrical Engineer,Ganlin
Tate Chipman,Research Nurse,Kuala Terengganu
Flor Semble,Geological Engineer,Deshan
Chastity De Paepe,Geologist II,Yingchun
Barry Mathon,VP Product Management,Senggreng
Orton Wakeley,Research Nurse,Granville
Ardine Pirazzi,Food Chemist,Thị Trấn Cẩm Thủy
Fleming Hails,VP Product Management,Krasnodar
Katrinka Kimmons,Nurse,Maunuri
Waverley Peiser,Environmental Specialist,Werbkowice
Liana Yanne,Operator,Xialaba
Bennie Beet,Systems Administrator IV,Moquegua
Minna Carrodus,Operator,Dębno
Eveleen Lowings,Operator,Filiatrá
Letti Fearnyough,Programmer II,Porto Seguro
Jen Primo,Environmental Tech,Cigebrok
Ernst Domleo,Account Coordinator,Gaojia
Emmerich Trythall,Research Associate,Tarata
Molli Sandry,Associate Professor,Venlo
Helsa Deek,Research Associate,Janagdong
Sallyann De Blasi,Computer Systems Analyst II,Hengqiao
Alphard Wollaston,Assistant Manager,Dongyong
Catlaina Steely,VP Marketing,Huaxijie
Aigneis Neild,Chemical Engineer,Praia do Ribatejo
Timmie Hartridge,Actuary,Léchovo
Emalee Artinstall,Registered Nurse,Weepanapi
Clarie Pipet,Automation Specialist IV,Thessaloníki
Abbye Costall,Sales Associate,Matanza
Jerald Bidgood,Executive Secretary,Meshcherino
Starr Knevit,Recruiting Manager,Ndwedwe
Win Hobble,VP Accounting,Luan Balu
Riki Hairsine,VP Sales,Ekenäs
Bert Coppin,Project Manager,Níkaia
Florri Wykes,Human Resources Assistant IV,Hadakewa
Kinnie Jimeno,Geologist I,Myrnyy
Ashbey Wolffers,Structural Analysis Engineer,La Falda
Betsy Giacoboni,Operator,Xiexiong
Marguerite Chismon,Data Coordiator,Longfengshan
Rab Swarbrick,Operator,Mabunga
Jelene Eagan,Research Associate,Ferraria
Tatiania Arrighini,Developer III,Rezé
Giles Sirrell,Occupational Therapist,Beit Jann
Terry Caldero,Human Resources Manager,Málaga
Siobhan Manifold,Compensation Analyst,Cikalaces
Brooke Cubbinelli,Paralegal,Atlasovo
Gideon Reinhard,Engineer IV,Meru
Eleanor Medling,Office Assistant III,Jambulang
Ortensia Hardwin,Senior Cost Accountant,Emiliano Zapata
Angelle Keoghane,Data Coordiator,Bumba
Silvester Edgehill,Environmental Specialist,Pokrov
Myrta Lamprey,Physical Therapy Assistant,Botou
Milton Kinchley,Desktop Support Technician,Illkirch-Graffenstaden
Barr Shoulder,Recruiter,Ḩawf
Jacenta Pancoast,Quality Control Specialist,Stará Ves nad Ondřejnicí
Tiffani Plane,Human Resources Assistant IV,Gombang
Auroora Hembling,Assistant Professor,Dřevohostice
Rickert Castagnet,Desktop Support Technician,Mount Ayliff
Katti Maskrey,Accounting Assistant IV,Daytona Beach
Eduino Whistlecroft,Automation Specialist III,Prostki
Cece Leetham,Electrical Engineer,Kawungsari
Kellen Wrighton,Operator,Nong Saeng
Claretta Birtwell,Structural Analysis Engineer,Vyatskiye Polyany
Nealy Skylett,Product Engineer,Inhambupe
Mitchel Hastilow,Mechanical Systems Engineer,Maguwon
Desiri Prandini,Staff Scientist,Cacaopera
Kerr Fardoe,Help Desk Operator,San Francisco de Coray
Noami Dunkley,Geologist III,Berezovo
Warren Ommanney,Information Systems Manager,La Caya
Diannne Whitlaw,Accounting Assistant III,Makueni
Dre Nibley,Administrative Officer,Bissen
Mariele Layne,Operator,Hwado
Ian Hancorn,Compensation Analyst,Anak
Bondon Beddoes,Civil Engineer,Liliongan
Phyllis Cowill,Nuclear Power Engineer,Linjiang
Denis Heinlein,Product Engineer,Ust-Kamenogorsk
Humphrey Robley,Associate Professor,Clichy
Lotty Halloran,Occupational Therapist,Youfang
Wright Feeney,Sales Associate,Jiazi
Rodolfo Alf,Programmer Analyst IV,Fovissste
Ramon Tomkies,Speech Pathologist,Rana
Caro Weldon,Research Nurse,Letsheng
Aldwin Conibere,Senior Sales Associate,Torslanda
Archer Arlidge,Administrative Assistant IV,Sobral
Corliss Dixcee,Staff Accountant I,Babatngon
Milzie Pahl,Analyst Programmer,Uromi
Sibyl Stango,Professor,Monte Plata
Bree Burgis,Teacher,Jianxi
Stafani Abrahim,Payment Adjustment Coordinator,Quangang
Willa McGhie,Senior Editor,Minami-rinkan
Mordy Stephen,Environmental Tech,Birmingham
Tremaine Spawell,Speech Pathologist,Железный порт
Hyacinthe Starmer,Nurse Practicioner,Liandu
Benn Bryns,Product Engineer,Cibangban Girang
Angie Broun,Assistant Manager,San Juan
Michel Lathy,Clinical Specialist,Yangshufang
Wolfgang Clissell,Professor,Jiuli
Andie Wernham,Paralegal,Filiatrá
Walton Barter,Assistant Professor,Olho Marinho
Hillary Benitez,Web Designer I,Nagareyama
Georges Dimitru,Design Engineer,Junín
Batholomew Durrant,Senior Quality Engineer,Baishuitan
Alli Happel,Registered Nurse,Vichuga
Deeanne Kelcey,Systems Administrator III,Nularan
Gabi Okenfold,Business Systems Development Analyst,Saint-Ouen
Dona Daughtrey,Research Assistant I,Brooklyn
Jess Osman,Account Coordinator,Bích Động
Thatch O' Hogan,Research Nurse,Gorna Oryakhovitsa
Tremaine Matuskiewicz,Civil Engineer,Monze
Patience O'Dunniom,VP Sales,Jarry
Pam Djurkovic,Quality Control Specialist,Tambakromo
Saloma Langhor,Software Engineer I,Almaguer North
Demetri Sisneros,Web Designer III,Fuyu
Glennis Morrad,Senior Sales Associate,Petoa
Dugald Cesaric,Assistant Professor,Rudna Mała
Tremain Lowth,Environmental Specialist,Dzyarzhynsk
Harwilll Falvey,Paralegal,Outeirô
Zane Lampl,Mechanical Systems Engineer,Xinji
Karlee Normington,Cost Accountant,Terra Chã
Jayme McKinnon,Software Test Engineer IV,Huaibei
Caddric Murkus,Geological Engineer,Casablanca
Garwin Arnke,Programmer Analyst II,Gaoqiao
Florida Hanselman,Research Associate,Nanmu
Chery Roaf,Quality Engineer,Yesan
Parrnell Cadd,Automation Specialist I,Boende
Padraig Conkie,Account Executive,Sundsvall
Gracie Bowne,Geologist II,Taraz
Datha Shorton,Staff Accountant II,Shibganj
Merline Crummie,Physical Therapy Assistant,Zevenaar
Base Eaden,Computer Systems Analyst II,Meïganga
Selig Grinstead,Quality Engineer,Dal’neye Konstantinovo
Skye Basson,Media Manager III,Mariel
Norina Christon,Product Engineer,Słupno
Harlene Ielden,Accountant II,Krajan Timur Suger Kidul
Layne Eaden,Senior Editor,Non Sung
Vivi Putman,Account Executive,San Luis
Oona Eacott,Help Desk Technician,Soito
Ronica Schimank,Software Consultant,Xiacaoqiao
Ezekiel Laxton,Senior Financial Analyst,Delray Beach
Arlinda Coners,Software Consultant,Tuusula
Mary Kiley,Librarian,San Juan
Leonid Kayes,Compensation Analyst,Chenzhouzhai
Bengt Marcus,General Manager,Koryukivka
Claiborn Naton,Structural Engineer,San Sebastián
Baillie Clissell,Senior Editor,Pamoyanan
Eugenia Strand,Staff Scientist,La Roche-sur-Yon
Rochester Cawdell,Social Worker,Sumbe
Putnem Spurrett,Computer Systems Analyst I,Chengbei
Lewes Dionisi,Web Developer II,Ouyang
Kali Crumley,Account Executive,Balibago
Franchot Poole,Recruiter,La Virtud
Lilly Gerauld,Community Outreach Specialist,Valle de Ángeles
Wald Derrington,Junior Executive,Alamar
Hildy Hannon,Food Chemist,Jiuzhen
Lindsey Silveston,Payment Adjustment Coordinator,Shahkot
Verge Sammars,VP Sales,Comodoro Rivadavia
Garfield Mocquer,Professor,Marseille
Hurleigh Barthram,VP Quality Control,Laranganglintong
Redd MacConnulty,Senior Quality Engineer,Versailles
Doy Fairest,Safety Technician III,Bacungan
Dewitt Beric,Programmer IV,Cravo Norte
Bernete Lumly,Computer Systems Analyst II,São Gotardo
Desi Nussgen,Chemical Engineer,Wadusari
Dunn St. Clair,Senior Cost Accountant,Salto
Molli Levensky,Health Coach II,Göteborg
Toddy McLese,Cost Accountant,South Tangerang
Minerva Basilotta,Senior Editor,Hulín
Edward Sessions,Quality Control Specialist,Quimbaya
Drake Rattry,Payment Adjustment Coordinator,Bolo
Tory Grafhom,Project Manager,Dek’emhāre
Jessey Gillam,Software Engineer IV,Gaotai
Chevy Kilbee,Engineer II,Pasadena
Spenser Leivers,Developer II,Qingshandi
Fredia Downes,VP Marketing,San Isidro
Michail Whitehorne,Programmer Analyst I,Zhengji
Malory Beadham,Director of Sales,Thị Trấn Quảng Uyên
Lyndsie Lennox,Environmental Specialist,London
Georgine Palin,Biostatistician I,Secang Barat
Bordie Dafter,Internal Auditor,Brzyska
Cameron O' Finan,Research Associate,Rosmalen
Job Gino,VP Accounting,Kota Kinabalu
Dagny Bernardeau,Biostatistician III,Paris 13
Gaelan Gley,Administrative Assistant I,Cucutilla
Mercy Delacote,Office Assistant IV,Yuqunweng
Timothee Templar,Senior Financial Analyst,Huaizhong
Camilla Sotheby,Senior Quality Engineer,Zhuxi
Joyce Baskett,Developer III,Dacheng
Maddie Bisco,Quality Engineer,Maca
Jacquenetta Pfeuffer,Nuclear Power Engineer,Cabanas de Viriato
Gray Klebes,VP Product Management,San Cristóbal
Marquita Kupisz,Librarian,Huiqi
Ynes Cattrell,Human Resources Manager,Carapelhos
Dwight Sprigg,Associate Professor,Xinyan
Douglas Delepine,Project Manager,Cantao-an
Tann Revens,Financial Advisor,Outjo
Konstantin Hallford,Community Outreach Specialist,Moulins
Todd Rubinfajn,General Manager,Austin
Briney Vedenyakin,Programmer III,Calais
Anton Scough,Programmer IV,Nový Bydžov
Dolli Readman,Web Designer II,Ursynów
Kelcey Greener,Programmer Analyst II,Amarillo
Brien Semerad,Data Coordiator,Śmiłowo
Marie-jeanne Linfitt,Research Associate,Santa Catalina
Vanya Trimme,Cost Accountant,Zbýšov
Saul Oiseau,Director of Sales,Edinburgh
Ettore Korf,Geological Engineer,San Vicente
Gaylord Vautrey,Senior Financial Analyst,Himeville
Lavina Waberer,Senior Quality Engineer,Putang
Suki Finden,Nurse,Umi
Gayelord Mouncey,Senior Developer,Touguinha
Jemie Wornham,Social Worker,Jelat
Donelle Lefley,Registered Nurse,Gaimán
Matthaeus Scholes,Teacher,Gbawe
Jerrilee Dict,Quality Engineer,Molde
Barbra McNiven,Product Engineer,Rybarzowice
Luelle Glossup,Occupational Therapist,Zacatecoluca
Janetta Wintle,Automation Specialist III,Guebwiller
Randolph Crankhorn,GIS Technical Architect,Dulangan
Keith Bools,Developer II,A-da-Gorda
Winnah Harmston,Senior Financial Analyst,Krasnopillya
Elwin MacCambridge,Accountant IV,Aqtaū
Alleyn Ellingsworth,Electrical Engineer,Józefosław
Stirling Rosenfelt,Administrative Officer,Matai
Karol Scargle,Tax Accountant,Guhuai
Byrann Klosser,Biostatistician I,Chantilly
Haze Hartopp,Executive Secretary,Beiping
Adelina Leggate,Nurse Practicioner,Daming
Pauli Deackes,Compensation Analyst,Obollo-Afor
Darline Fetter,Automation Specialist IV,Condega
Hatti Rickarsey,Technical Writer,Itami
Alyda Pavinese,Registered Nurse,Sugihan
My Gosforth,Financial Analyst,Paranavaí
Goldy Baack,Information Systems Manager,Drogomyśl
Carrie Ethington,Systems Administrator III,Tsibulev
Lola Rittelmeyer,Senior Editor,Nogliki
Aurora Demangel,Web Developer III,København
Pippo Manketell,Food Chemist,Hongqi
Abbott Ridpath,Teacher,Lukhovka
Alejandra St. Hill,Systems Administrator II,Great Neck
Margaretta Beeston,Financial Advisor,Huohua
Vinny Sucre,Graphic Designer,Zhucun
Reta Piele,Technical Writer,Nikísiani
Doralynne Simecek,Software Engineer IV,Megalópoli
Elspeth Taylor,GIS Technical Architect,Alor Star
Ilka Bellerby,Professor,Maebashi-shi
Jenda Derrick,Senior Developer,Azor
Emmit Baildon,Engineer III,Strängnäs
Vivianne Anthes,Web Designer I,Ciperang
Johann Stoute,Account Executive,Xicheng
Rhett Antos,Quality Engineer,Gramaços
Kat Brymham,Nurse Practicioner,Kamionka Wielka
Christan Pittaway,Product Engineer,Monte Novo
Rockey Bibey,Environmental Tech,Tabia
Brandy O'Caherny,Media Manager II,Xinglong
Sapphire Clutton,Executive Secretary,Koupéla
Denyse Dunlea,General Manager,Jimusa’er
Wenda Gerbel,Information Systems Manager,Dongchuan
Claudette Corby,Research Assistant II,Putou
Verla Johnys,Structural Analysis Engineer,Fenghuangdong
Beulah Rojahn,Web Designer IV,Sukamaju
Jeffry McOrkill,Human Resources Manager,Cafe
Jerrilee Klais,Senior Sales Associate,Mursaba
Lamont Matitiaho,Structural Engineer,Bagaces
Dalis Brissenden,Accountant I,Sibreh
Koressa Mably,Budget/Accounting Analyst III,Prochnookopskaya
Elsinore Crasford,Sales Representative,Barra Velha
Lacy Denys,Senior Financial Analyst,Reutov
Verina Micka,Assistant Professor,Kobryn
Eydie Fenwick,Marketing Manager,Visby
Tedie Loxley,Social Worker,Charleroi
Dulcy Lampkin,Research Nurse,Yangjiapo
Woody Gresly,General Manager,Santo Tomás
Annamarie Speares,Quality Engineer,Baisha
Eran Kingsly,Software Test Engineer III,Pulaukijang
Patrick Jewer,Teacher,Kyzyl-Kyya
Madelyn McAteer,Data Coordiator,El Pao
Sidnee Placide,Administrative Officer,Stockholm
Gunter Rasher,Graphic Designer,Wanlongshan
Oliy Dyott,Associate Professor,El Agua Dulcita
Petronilla Aldwich,Project Manager,Fort Dauphin
Mordy Mundford,Nuclear Power Engineer,Pindiga
Weston Lawday,Staff Scientist,Kramarzówka
Ariela Gatiss,Sales Associate,Borovlyany
Alfons Scorey,Nurse Practicioner,Bat Khela
Agretha Franca,Database Administrator I,São Pedro
Gaspard Oxnam,Software Consultant,Palykavichy Pyershyya
Langsdon Sackes,Structural Engineer,Longxi
Peta Zannotti,Marketing Assistant,Guadalupe
Milka Gilvary,Actuary,Koronganayam
Kerrin Gauld,Food Chemist,Ouango
Arv Anthill,Product Engineer,Suso
Haven Wigan,Programmer Analyst I,Dorotea
Veronika MacGillicuddy,Assistant Manager,Shuangqiao
Fields Hainning,Project Manager,Aix-en-Provence
Carl Barnish,Software Engineer IV,Honkajoki
Caro Greste,Pharmacist,Palca
Ham Leyland,Actuary,Esil
Letty Upstell,Tax Accountant,Chuquitira
Viv Pepperrall,Civil Engineer,Ryazanskiy
Dorian Scally,Technical Writer,Namp’o
Keelby Fairlie,Programmer I,Koktokay
Noel Burndred,Recruiter,Zhufo
Anny Easdon,Recruiter,Kula
Hannis Yushkov,Civil Engineer,Mumias
Susann Chippendale,Project Manager,Manique de Baixo
Wiatt Talby,Mechanical Systems Engineer,Coripata
Margie Saffon,Nurse,Ngulahan
Yves Grigore,Pharmacist,Changsheng
Susannah Gaudin,Budget/Accounting Analyst I,Krasnyy Profintern
Chrystel Schettini,Payment Adjustment Coordinator,Secunda
Ilyssa Sawfoot,Civil Engineer,Porsgrunn
Brit Josifovic,Nurse Practicioner,Xinshi
Montague Gooly,Software Engineer II,Jiangxiangzhen
Hansiain Bromilow,Engineer II,Al Bīrah
Huntington Collum,Recruiting Manager,Janja
Janith Varian,Paralegal,Shanghu
Lannie McCrostie,Accountant I,Ōsaka-shi
Shaw De Goey,Administrative Assistant III,Anjirserapat
Beverlie Rickarsey,Engineer III,Indralayang
Winifield McCombe,Operator,Dongpu
Xaviera McGillreich,Research Nurse,Sassandra
Rosene Brumfield,Operator,Wan’an
Kimbell Lundbech,Engineer I,Pabuaran
Hetty Runciman,Electrical Engineer,Kindu
Amabel Hutchcraft,Safety Technician II,Guachucal
Joleen Plaskett,GIS Technical Architect,Passos
Xever Gatfield,Recruiter,Afogados da Ingazeira
Arda Pettiford,Marketing Manager,Géfyra
Emalee Ballintime,Assistant Media Planner,El Mida
Vickie Goulston,GIS Technical Architect,Dulolong
Bruce Canniffe,Legal Assistant,Diffa
Corbett Oats,Junior Executive,Bayog
Paquito Paydon,Editor,Santa Catalina
Hart Cruickshanks,Teacher,Wolonio
Beverie Rozenzweig,Web Developer I,Bordeaux
Margarita Ellins,Engineer II,Pedro Juan Caballero
Aundrea Meech,Software Test Engineer I,Dushi
Niles Downe,Clinical Specialist,København
Russ Upchurch,Staff Scientist,Skaudvilė
Xenia Sitch,Software Engineer I,Angochi
Mal McGhee,Developer III,Dadap
Julia Pavluk,Registered Nurse,Buenaventura
Amitie Demkowicz,Mechanical Systems Engineer,Zagórze
Eba McCalum,Occupational Therapist,New Haven
Eugen McSwan,Account Coordinator,Crumlin
Giffie Emanson,Staff Scientist,Sanjiang
Lizette McGorley,Programmer Analyst II,Barreiro
Lilith Debill,Accounting Assistant IV,Dobdoban
Laurianne Prenty,Senior Financial Analyst,Áno Liósia
Aldus Jossum,Editor,Taiping
Cayla Keirl,Developer III,Pandasan
Valentino Tatters,Chemical Engineer,San Miguelito
Patty Magister,Chemical Engineer,Taoyuan
Lynsey Cowle,Senior Developer,Pau
Somerset Bisiker,Mechanical Systems Engineer,Tajimi
Marysa Treby,Programmer Analyst I,Imsida
Hervey Trencher,Junior Executive,Dayuanhuizu
Cos Lowre,Structural Engineer,Södertälje
Seline Fransinelli,Safety Technician I,Benhao
Liza Lombardo,Account Coordinator,Itabaiana
Jordan Van Arsdall,Research Nurse,Fagersta
Bartolemo Burdus,Human Resources Manager,Shencang
Michele Meynell,Accounting Assistant II,Taichung
Sonni Serman,Statistician III,Ciudad Choluteca
Darlene Heinicke,Quality Engineer,Paratinga
Johan Heald,Structural Analysis Engineer,Nagbukel
Cherrita Boscher,Geologist III,Srabah
Randi Luipold,Executive Secretary,Alaghsas
Ransom Vanetti,Assistant Manager,Ntsoudjini
Malena Leadbetter,Editor,Suka Makmue
Briano Andrzejewski,Environmental Specialist,Nonohonis
Malva Deetch,Clinical Specialist,Staryy Oskol
Donn MacAnelley,VP Accounting,Ensanche Luperón
Patrice Oxenden,Project Manager,Dioila
Gabriella Bukac,Human Resources Manager,Dikson
Kurt Turn,Staff Accountant III,Haoyi
Hirsch Kinman,Financial Advisor,Salto
Irving Spuffard,Legal Assistant,Sale
Mathian Crothers,Financial Analyst,Skotoússa
Rodge Jahns,Product Engineer,Sakai
Esra Scoterbosh,Financial Advisor,Thị Trấn Thanh Lưu
Ambrosio Shotboulte,Senior Editor,Tsaritsyno
Aeriel Struss,Programmer Analyst IV,Rājo Khanāni
Johann Cosgrave,Actuary,Xiaoduchuan
Roxie Doward,Help Desk Operator,Utan
Vassili Dibson,Accountant I,Pāvilosta
Harri Greenall,Project Manager,Kamifukuoka
Lina Faulkner,General Manager,Benito Juarez
Millie Tasseler,Legal Assistant,Potštát
Tiffany Balsdone,General Manager,Mach
Reinaldos Sears,Software Engineer I,Shkurinskaya
Raul Dansie,Engineer I,São Paio Merelim
Dot Westhofer,Environmental Specialist,Oklahoma City
Demott Mustarde,Associate Professor,Penitik
Pavel Duggary,Chief Design Engineer,Västerås
Jenna Curzon,Health Coach II,Le Blanc-Mesnil
Cos Marielle,Food Chemist,Bunigeulis
Meier Bowkett,Research Associate,Itapetininga
Otho Giuron,Analog Circuit Design manager,Tibati
Dosi Chadwen,General Manager,Venustiano Carranza
Gracia Crellim,Structural Analysis Engineer,Pule
Nikos Extal,Design Engineer,Baicheng
Cody Smylie,Sales Representative,Portão
Judas Vittore,Graphic Designer,Guanzhou
Kamillah Cornilleau,Design Engineer,Wołczyn
Leanna Huncoot,Programmer Analyst II,Tromsø
Cleavland Celiz,Software Engineer II,Usman’
Rebecka Wotton,Teacher,Jieguanting
Winnie Bellis,VP Sales,Kiraman
Doroteya Bidgood,Executive Secretary,Vanimo
Baron Moulson,Staff Accountant I,Jojoima
Enoch Hilling,Analog Circuit Design manager,Mislak
Jamaal Ramelet,Structural Engineer,Jiangdianzi
Elihu Stronghill,Design Engineer,Bayt Ta‘mar
Danell Poolton,Staff Scientist,Huashan
Jannelle Beek,Teacher,Koncang
Marten O'Bradden,Junior Executive,Catalão
Annissa Deniscke,Software Test Engineer III,Varberg
Webster Cowton,Recruiter,Kolchikón
Christy Sayle,Cost Accountant,Tarnogskiy Gorodok
Osgood Gwinnett,Occupational Therapist,Meudon
Adey Hadrill,Nurse Practicioner,Pereira
Roley Donan,Marketing Manager,Massy
Lyndell McAuslan,GIS Technical Architect,Galtek
Marcille Markus,Staff Accountant II,Taltal
Damara Midlane,VP Quality Control,Luso
Noelani Davidavidovics,Office Assistant III,Jiufeng
Dolly Le Blanc,Cost Accountant,Paraiso
Athene Shurrock,Accountant II,Wierzbica
Josefa Daal,Systems Administrator III,Novi Zagreb
Baudoin Ayllett,GIS Technical Architect,Solnechnogorsk
Germaine Mughal,Software Engineer IV,Sheregesh
Kettie Rawkesby,Chemical Engineer,Andamui
Laetitia Pobjoy,Budget/Accounting Analyst I,Dapeng
Thacher Fincke,Staff Accountant III,San Antonio del Monte
Augustine Kinahan,Payment Adjustment Coordinator,Xinfu
Corrie Orteaux,Database Administrator I,Carepa
Yoshi Kleen,Sales Associate,Kirkland Lake
